{
    "debugName": "GEAR_TEST_Main_Scene",
    "cameras": {
        "Main": {
            "debugName": "Main",
            "transform": {
                "translation": [
                    0.07261002063751221,
                    1.0,
                    0.06554117798805237
                ],
                "orientation": [
                    0.9988479932646149,
                    0.007263955574982619,
                    0.04743208108167267,
                    0.00034494190520435584
                ],
                "scale": [
                    1.0,
                    1.0,
                    1.0
                ]
            },
            "projectionType": 0,
            "orthographicsParams": {
                "left": 3370280550400.0,
                "right": 1.9463495016098022,
                "bottom": 1.7777777910232544,
                "top": 0.009999999776482582,
                "near": 3000.0,
                "far": -107374176.0
            },
            "perspectiveParams": {
                "horizonalFOV": 1.5707963267948966,
                "aspectRatio": 1.7777777910232544,
                "zNear": 0.009999999776482582,
                "zFar": 3000.0
            },
            "flipX": false,
            "flipY": false
        }
    },
    "lights": {
        "Main": {
            "debugName": "Main",
            "type": 0,
            "colour": [
                1.0,
                1.0,
                1.0,
                1.0
            ],
            "transform": {
                "translation": [
                    0.0,
                    2.0,
                    0.0
                ],
                "orientation": [
                    1.0,
                    0.0,
                    0.0,
                    0.0
                ],
                "scale": [
                    1.0,
                    1.0,
                    1.0
                ]
            }
        }
    },
    "models": {
        "Sphere": {
            "debugName": "Sphere",
            "mesh": {
                "debugName": "sphere.fbx",
                "filepath": "res/obj/sphere.fbx"
            },
            "materials": {
                "UE4 Rust Iron": {
                    "debugName": "UE4 Rust Iron",
                    "textures": {
                        "UE4 Rust Iron: Normal": {
                            "pbrType": 1,
                            "debugName": "UE4 Rust Iron: Normal",
                            "arrayLayers": 1,
                            "mipLevels": 12,
                            "type": 1,
                            "format": 37,
                            "samples": 1,
                            "usage": 0,
                            "generateMipMaps": true
                        },
                        "UE4 Rust Iron: Albedo": {
                            "pbrType": 2,
                            "debugName": "UE4 Rust Iron: Albedo",
                            "arrayLayers": 1,
                            "mipLevels": 12,
                            "type": 1,
                            "format": 37,
                            "samples": 1,
                            "usage": 0,
                            "generateMipMaps": true
                        },
                        "UE4 Rust Iron: Metallic": {
                            "pbrType": 3,
                            "debugName": "UE4 Rust Iron: Metallic",
                            "arrayLayers": 1,
                            "mipLevels": 12,
                            "type": 1,
                            "format": 37,
                            "samples": 1,
                            "usage": 0,
                            "generateMipMaps": true
                        },
                        "UE4 Rust Iron: Roughness": {
                            "pbrType": 4,
                            "debugName": "UE4 Rust Iron: Roughness",
                            "arrayLayers": 1,
                            "mipLevels": 12,
                            "type": 1,
                            "format": 37,
                            "samples": 1,
                            "usage": 0,
                            "generateMipMaps": true
                        },
                        "GEAR_CORE_Material: Blank White Texture": {
                            "pbrType": 5,
                            "debugName": "GEAR_CORE_Material: Blank White Texture",
                            "arrayLayers": 1,
                            "mipLevels": 1,
                            "type": 1,
                            "format": 37,
                            "samples": 1,
                            "usage": 0,
                            "generateMipMaps": false
                        },
                        "GEAR_CORE_Material: Blank Black Texture": {
                            "pbrType": 6,
                            "debugName": "GEAR_CORE_Material: Blank Black Texture",
                            "arrayLayers": 1,
                            "mipLevels": 1,
                            "type": 1,
                            "format": 37,
                            "samples": 1,
                            "usage": 0,
                            "generateMipMaps": false
                        }
                    },
                    "fresnel": [
                        1.0,
                        1.0,
                        1.0,
                        1.0
                    ],
                    "albedo": [
                        1.0,
                        1.0,
                        1.0,
                        1.0
                    ],
                    "metallic": 1.0,
                    "roughness": 1.0,
                    "ambientOcclusion": 1.0,
                    "emissive": [
                        1.0,
                        1.0,
                        1.0,
                        1.0
                    ]
                }
            },
            "materialTextureScaling": [
                1.0,
                1.0
            ],
            "transform": {
                "translation": [
                    0.0,
                    1.0,
                    -2.0
                ],
                "orientation": [
                    0.7071067811865476,
                    -0.7071067811865476,
                    0.0,
                    0.0
                ],
                "scale": [
                    1.0,
                    1.0,
                    1.0
                ]
            },
            "renderPipelineName": "PBROpaque"
        }
    }
}